id;nombre;rol;rut;admin;login;first_name;last_name;email;image_url;activated;lang_key
1;readily elver;circa familiar;bourgeoisie natural finally;false;"oayrd";Benjamín;Deleón Zapata;AnaMaria_SalgadoCintron@yahoo.com;sans busily;false;simplistic
2;usually psst;sarong;secondary;false;"Tf@7";Caridad;Fernández Figueroa;JoseEmilio_GuzmanMercado30@gmail.com;oh;true;hydrolyse 
3;failing wholly amongst;about;radiant ethical unpleasant;false;"j6_fEW@D-n2PL\`YJ00o\cjzj\hC0O\0bnaP84\gcz1j";Arturo;Jurado Vargas;Irene86@hotmail.com;that;true;plus stron
4;tooth huzzah;deck apropos essence;so onset positively;false;"N@7YL\$tYW9\uhpoc\/ZRg6\o42hC";Lorenzo;Valenzuela Miranda;MariaJose81@gmail.com;modulo woot accentuate;true;for
5;psst;continually comparison;platypus;false;"ZdDvQO@Q\fOOp6ag";Esteban;Corral Márquez;Hernan.CervantesGallegos93@gmail.com;multicolored respectful mooch;true;punctually
6;newsletter;tomorrow outside arrogantly;inferior;false;"RdEK+@Js\KLGK\s-P78";Alfredo;Murillo Mares;Concepcion28@yahoo.com;now;false;disapprove
7;pish;um coaxingly bend;upliftingly longingly sin;true;"nCA9u";Marcos;Soto Lozano;Guillermo_DelgadoBallesteros@yahoo.com;list boiling at;false;ha avarici
8;whether;nightlife victoriously emulsify;unlearn;true;"ihvAA";Adriana;Fernández Rincón;Ramona.CanalesPerez37@hotmail.com;incidentally certainly;true;ugly
9;whose after;pro turret censor;adventurously by;false;"A{L@RzE";Beatriz;Zepeda Luevano;Rocio5@yahoo.com;um quarrelsomely beside;true;circulate 
10;glorious fuss likewise;pro;really to for;false;"d";Ariadna;Velásquez Carvajal;Jesus27@gmail.com;inside;false;cheese
